https://webtorrent.io/docs;293712;q\">FAQ</a><a class=\"new-release\" href=\"/des...rset=\"utf-8\"><title>WebTorrent API Documentation</
https://feross.org/libtorrent-webtorrent/;943498;-js\">const client = new WebTorrent() const torrentId = \'
http://cinematrix.one/;4002837;><script>var client=new WebTorrent</script>...://cdn.jsdelivr.net/webtorrent/latest/webtorrent.m
https://www.akmedia.kz/;5525281; true; var client = new WebTorrent(); var magnetUri = \'h
http://www.extratown.com/webtorrent;6145197;e\'] ]; var client = new WebTorrent(); $(document).ready(
http://cozy.ge/190859-%e1%83%90%e1%83%9b%e1%83%94%e1%83%a0%e1%83%98%e1%83%99%e1%83%94%e1%83%9a%e1%83%98-%e1%83%a1%e1%83%9c%e1%83%90%e1%83%98%e1%83%9e%e1%83%94%e1%83%a0%e1%83%98/;11588176;A1337\' var client = new WebTorrent() // HTML elements va
http://www.brainatoms.com/webtorrent/index.html;17079036;cript> var client = new WebTorrent() client.on(\'error\', 
http://huangjiaphoto.com/videos/25388/192.html;>30M;mages/loading.gif?v=new) no-repeat 50% 50%;...ashjs.\");break;case\"webtorrent\":if(WebTorrent)if(W
http://cpdplayforgood.com/videos/24915/260b55020c09bf1eb056a8c6360d6e25.html;>30M;mages/loading.gif?v=new) no-repeat 50% 50%;...ashjs.\");break;case\"webtorrent\":if(WebTorrent)if(W
http://haighonline.net/;>30M;cript> var client = new WebTorrent() var torrentId = \'ma
http://rahsounds.com/stream/;>30M;cript> var client = new WebTorrent() client.on(\'error\', 
http://tyxnl.com/videos/24759/s34.html;>30M;mages/loading.gif?v=new) no-repeat 50% 50%;...ashjs.\");break;case\"webtorrent\":if(WebTorrent)if(W
http://naibawu.com/;>30M;A1337\' var client = new WebTorrent() // HTML elements va
http://flibex.ru/webtorrent/webtorrent.html;>30M;cript> var client = new WebTorrent() client.on(\'error\', 
http://jingtaohailang.com/videos/24881/2020-9-3-00.html;>30M;mages/loading.gif?v=new) no-repeat 50% 50%;...ashjs.\");break;case\"webtorrent\":if(WebTorrent)if(W
http://haishangwanpan.com/videos/24049/bitchesabroad-hotsquirtingasianteenmaythaienjoyshotpovfuckandfacialabroad-27-rq.html;>30M;mages/loading.gif?v=new) no-repeat 50% 50%;...ashjs.\");break;case\"webtorrent\":if(WebTorrent)if(W
http://binhailantian.com/videos/25039/329ae95dd3f7b64ea0be0e27b269cdc7.html;>30M;mages/loading.gif?v=new) no-repeat 50% 50%;...ashjs.\");break;case\"webtorrent\":if(WebTorrent)if(W
http://qianghanggongsi.com/videos/24864/ai-2k3.html;>30M;mages/loading.gif?v=new) no-repeat 50% 50%;...ashjs.\");break;case\"webtorrent\":if(WebTorrent)if(W
http://odenem-rebenka.ru/anime/tetrad-smerti;>30M;instanceof t))throw new TypeError(&quot;Can...t;);break;case&quot;webtorrent&quot;:if(WebTorrent
http://odenem-rebenka.ru/anime/psihopasport;>30M;instanceof t))throw new TypeError(&quot;Can...t;);break;case&quot;webtorrent&quot;:if(WebTorrent
http://odenem-rebenka.ru/anime/van-pis;>30M;instanceof t))throw new TypeError(&quot;Can...t;);break;case&quot;webtorrent&quot;:if(WebTorrent
http://odenem-rebenka.ru/anime/blich;>30M;instanceof t))throw new TypeError(&quot;Can...t;);break;case&quot;webtorrent&quot;:if(WebTorrent
http://spacenanis.com/;>30M;> <script> var wt = new WebTorrent(); function out(err, 
https://slingcode.net/slingcode.html;>30M;dex:0}.CodeMirror-linewidget{position:relat...rn[e]}))),e=e||[],t.WEBTORRENT_ANNOUNCE&&(\"string\"
http://juvamedspa.cn/videos/25106/8b84de4bb97d5fdb9d0c45da499b38ab.html;>30M;mages/loading.gif?v=new) no-repeat 50% 50%;...ashjs.\");break;case\"webtorrent\":if(WebTorrent)if(W
http://jarrenatrade.com/videos/24160/949735fac34e823e2b5cbbd7b6615b5f.html;>30M;mages/loading.gif?v=new) no-repeat 50% 50%;...ashjs.\");break;case\"webtorrent\":if(WebTorrent)if(W
http://oumanyangsheng.com/videos/24762/c68df61a17ed55312beec1aabdfeffab.html;>30M;mages/loading.gif?v=new) no-repeat 50% 50%;...ashjs.\");break;case\"webtorrent\":if(WebTorrent)if(W
http://extra.town/webtorrent;>30M;e\'] ]; var client = new WebTorrent(); $(document).ready(
http://kalacool.com/videos/24614/heyzo-hd-1449-full.html;>30M;mages/loading.gif?v=new) no-repeat 50% 50%;...ashjs.\");break;case\"webtorrent\":if(WebTorrent)if(W
http://ruffeilrepresentacoes.com/page1.html;>30M;cript> var client = new WebTorrent() client.on(\'error\', 
https://host4app.com/;>30M;rrent\' var client = new WebTorrent() // HTML elements va
http://www.trumbets.com/;>30M;t.com\' var client = new WebTorrent() // HTML elements va
https://search-id.org/;>30M;rams);Id2Web.client=new WebTorrent();if(this.params.id==
https://dailynodemodule.com/;>30M;e\'); const client = new WebTorrent(); // This can be any
https://dailynodemodule.com/category/backend/;>30M;e\'); const client = new WebTorrent(); // This can be any
https://dailynodemodule.com/tag/nodejs/;>30M;e\'); const client = new WebTorrent(); // This can be any
https://dailynodemodule.com/category/frontend/;>30M;e\'); const client = new WebTorrent(); // This can be any
http://voxcetera.com/;>30M;link); var client = new WebTorrent() client.on(\'error\', 
https://freescatv.com/article/wd/133143;>30M;ments);} gtag(\'js\', new Date()); gtag(\'conf...ashjs.\");break;case\"webtorrent\":if(WebTorrent)if(W
http://021fanghuatie.com/videos/24529/reon-pov.html;>30M;mages/loading.gif?v=new) no-repeat 50% 50%;...ashjs.\");break;case\"webtorrent\":if(WebTorrent)if(W
http://icecold.life/;>30M;><script>var client=new WebTorrent,torrentI...dn.jsdelivr.net/npm/webtorrent@latest/webtorrent.m
https://handelsfrei.org/;>30M;orrent var client = new WebTorrent(); function createWeb
http://theshelterzone.com/movie;>30M;tClient) wtClient = new WebTorrent(); else if(currTorren
https://insincro.online/party.php;>30M;(!wtClient)wtClient=new WebTorrent();else if(currTorrent
http://nodeman.fun/;>30M;rrent\' var client = new WebTorrent() // HTML elements va
http://bassadefinizione.xyz/;>30M;cript> var client = new WebTorrent({ maxCon...</div> <script src=\"webtorrent.min.js\"></script> <
http://aitrainer.ru/anime/tetrad-smerti;>30M;instanceof t))throw new TypeError(&quot;Can...t;);break;case&quot;webtorrent&quot;:if(WebTorrent
http://aitrainer.ru/anime/psihopasport;>30M;instanceof t))throw new TypeError(&quot;Can...t;);break;case&quot;webtorrent&quot;:if(WebTorrent
http://mmse28.xyz/videos/25566/1b50ef504cfd08c124a187f878b4409f.html;>30M;mages/loading.gif?v=new) no-repeat 50% 50%;...ashjs.\");break;case\"webtorrent\":if(WebTorrent)if(W
https://wiedemann.digital/;>30M;r(); const client = new WebTorrent(); const magnetLink =
