http://dplayer.js.org/;141127;
http://www.data-link.ir/;244105;
https://www.ape-apps.com/;339155;
https://massmirror.com/;965792;
https://felix-rachor.com/;1614745;
http://cinematrix.one/;4002837;
http://squidl.ink/;10462782;
http://alhemeiri.com/;15261329;
https://www.guidingword.org/;15733584;
https://fairsharemediaworld.se/;19470506;
http://obside.fr/;23275893;
http://shaman.fr/;>30M;
http://haighonline.net/;>30M;
http://gxgxr.com/;>30M;
http://naibawu.com/;>30M;
http://spacenanis.com/;>30M;
https://www.ynlls.com/;>30M;
https://imbalance.no/;>30M;
https://urlnk.com/play;>30M;
http://rocker.com.ar/;>30M;
http://covchump.com/;>30M;
http://www.kaibotv.com/;>30M;
http://moerit.com/;>30M;
https://dtv.cash/;>30M;
https://kikiwiwi.com/;>30M;
https://peerweb.site/;>30M;
https://host4app.com/;>30M;
https://mybeats.uk/;>30M;
https://stagebands.com/;>30M;
https://dropall.stream/;>30M;
http://www.trumbets.com/;>30M;
https://lanarkshireprinting.co.uk/;>30M;
https://www.kalliste.tv/;>30M;
https://thepopnetwork.org/;>30M;
https://zedshaw.art/;>30M;
http://telix.site/;>30M;
https://2kanxi.com/;>30M;
https://klpbbs.com/;>30M;
https://linux.exchange/;>30M;
http://voxcetera.com/;>30M;
http://youmazeme.com/;>30M;
https://rastreamentocorreios.site/;>30M;
http://trve-kvlt.dev/;>30M;
http://trvekvlt.dev/;>30M;
http://trvekvltsource.com/;>30M;
http://trve-kvlt-src.com/;>30M;
http://yedu520.com/;>30M;
https://inmusio.net/;>30M;
http://icecold.life/;>30M;
http://520yedu.com/;>30M;
https://bettersmartwatches.com/;>30M;
http://www.muuradio.com/;>30M;
http://foeegjs.com/;>30M;
http://notsave.com/;>30M;
https://91vxin5.com/im/h5/;>30M;
https://91vxin7.com/im/h5/;>30M;
https://91vxin8.com/im/h5/;>30M;
https://91vxin6.com/im/h5/;>30M;
https://91vxin1.com/im/h5/;>30M;
http://btbtss.com/;>30M;
http://www.jagogoyang.biz/;>30M;
https://handelsfrei.org/;>30M;
http://www.newyorklf.com/;>30M;
http://xingqizhibo.com/;>30M;
https://houseparty4all.com/;>30M;
http://nodeman.fun/;>30M;
http://www.mediaclub.one/;>30M;
http://bassadefinizione.xyz/;>30M;
https://freefolk.xyz/;>30M;
http://suixingbo.xyz/;>30M;
http://xnscy.xyz/;>30M;
https://zzr3.xyz/;>30M;
http://ybghk.top/;>30M;
https://pc.bet/;>30M;
https://pczb.bet/;>30M;
https://filepizazz.com/;>30M;
https://buythiswebsite.xyz/;>30M;
http://emo6pm.fun/;>30M;
http://www.hmg520.cc/;>30M;
https://guatila.com/;>30M;
https://radiovetlp.com/;>30M;
https://wiedemann.digital/;>30M;
http://www.hongfange.site/;>30M;
https://occo.fun/;>30M;
http://xingqitv.cn/;>30M;
http://papousek.xyz/;>30M;
